last_name,first_name,phone,email
Gleichner,Claudia,+17813716356,zlemke@hotmail.com
Nienow,Ted,1-580-393-7871,effertz.fiona@gmail.com
Stark,Osborne,1-281-248-1388,jody.maggio@gmail.com
Hoeger,Logan,"(680) 527-0544",jaleel.kemmer@yahoo.com
Schumm,Antwan,1-651-732-3307,borer.candace@gmail.com
Mueller,Hudson,+1-678-874-5001,stacy76@hotmail.com
Spinka,Jeromy,212-988-6608,johnson26@mohr.org
O'Keefe,Kenyon,+1.662.270.4833,marlee28@gmail.com
Carroll,Jazlyn,"+1 (312) 217-3248",nwaelchi@weissnat.com
Nitzsche,Candida,+13016864858,monahan.jay@frami.org
Walsh,Jarvis,209-623-8492,llarson@hotmail.com
Baumbach,Kaden,+14705823541,nheller@gmail.com
McGlynn,Sophie,734-554-9718,rohan.vaughn@yahoo.com
Grimes,Bridgette,740.791.7125,garry33@hamill.com
White,Vivien,1-220-777-3194,melyssa37@jacobson.com
Roberts,Georgianna,+1-442-614-4935,forest97@gmail.com
Wunsch,Cyrus,618-424-4321,jkohler@gmail.com
Shanahan,Randi,716-594-4063,hintz.camryn@goodwin.info
Corwin,Khalil,"+1 (820) 458-2291",efrain07@klein.com
Glover,Asha,1-757-256-7165,marvin.precious@rosenbaum.com
Kuphal,Patsy,930.892.2446,dale.nicolas@feeney.info
Osinski,Clay,1-463-922-9385,maci81@gmail.com
Legros,Ross,+1-863-335-0824,vincent37@stamm.com
Mante,Vanessa,817-729-8547,ryley.tillman@yahoo.com
O'Keefe,Augusta,"(626) 245-6696",amari.jaskolski@gmail.com
Kihn,Leonel,+1-651-539-8910,jaren.ebert@hotmail.com
Jerde,Vernice,"+1 (949) 268-4293",rrolfson@macejkovic.info
Lebsack,Leta,1-470-796-0907,esmeralda26@sauer.com
Donnelly,Elise,623-713-6077,kathryne.herzog@kub.com
Schmidt,George,+1.463.393.9573,rau.stephany@smitham.net
Wyman,Meggie,"+1 (737) 370-9470",schuppe.diamond@gmail.com
Mayert,Alycia,+1-318-382-1271,berenice05@hoeger.org
Stoltenberg,Sandy,+16783317232,pgorczany@romaguera.com
Quigley,Giles,+1-740-776-7422,pweimann@corwin.com
Willms,Blaze,1-574-860-1199,donald29@lueilwitz.info
Lakin,Carleton,1-641-754-3574,abshire.carmen@gmail.com
Metz,Hazle,424.987.5758,nash31@hotmail.com
Hand,Aaron,412-934-0959,audra00@gmail.com
Gleichner,Armando,775-431-2754,chance34@yahoo.com
Rath,Mariane,563.976.2820,erling44@jakubowski.com
Simonis,Chyna,+1.317.212.2907,romaguera.sylvan@sanford.info
Muller,Chris,+1-845-397-5220,annabel.frami@little.com
Balistreri,Madalyn,308.484.2667,shad.keeling@kutch.com
Jacobi,Dorthy,262-779-2646,aliza19@hotmail.com
Reilly,Aurelio,283.588.9298,bosco.eugenia@howell.com
Haley,Verdie,+16579945370,trogahn@gmail.com
Fritsch,Cary,352-746-3994,jstrosin@bartell.com
Beahan,Judy,586-416-9388,darius.roberts@hotmail.com
Murphy,Lisandro,928-913-5762,kturcotte@larson.org
Littel,Lionel,"+1 (606) 717-9631",effertz.nash@hotmail.com
Doyle,Payton,"(228) 543-5802",ella.schuster@raynor.com
Prosacco,Selmer,574-370-3713,nannie12@smith.com
Cronin,Kirk,260-403-1558,strosin.cecelia@yahoo.com
Wisozk,Margarete,"+1 (430) 818-7367",qjacobs@harris.biz
Wiegand,Reina,"(475) 258-2056",shane59@gmail.com
Leannon,Caitlyn,1-856-930-4959,nmetz@schoen.com
McLaughlin,Mackenzie,"(930) 814-8982",katelyn.oreilly@hotmail.com
Marks,Patsy,1-425-677-0196,kyleigh10@grady.com
Emard,Hollie,929-487-4716,hickle.bernhard@hotmail.com
Lindgren,Aurore,+1-843-803-8180,williamson.lowell@yahoo.com
Runolfsson,Conor,+1.870.716.3868,gerlach.enos@hotmail.com
Olson,Reinhold,+18305531905,weissnat.hyman@bergnaum.com
Bechtelar,Ulises,870.659.7202,harrison.frami@schulist.com
Terry,Imelda,281.543.2028,jayde.heathcote@gmail.com
Baumbach,Tyler,+1.248.600.1097,jeffrey55@hotmail.com
Braun,Patience,+1-954-384-4865,albina05@gmail.com
Walker,Kylie,309-767-4244,eldon.bailey@zulauf.com
Oberbrunner,Christiana,1-308-405-6588,francesco96@hotmail.com
Davis,Elmo,847-862-1710,noe.price@hotmail.com
Flatley,Alana,+1.828.615.4343,hagenes.carmine@gmail.com
Toy,Alan,"(534) 325-5969",qjerde@gmail.com
Reichert,Leilani,931-206-1699,maribel.jast@hotmail.com
Stroman,Merlin,661-225-2203,queenie.weber@hotmail.com
Schamberger,Conrad,1-442-271-4917,janice.kautzer@yahoo.com
Ullrich,Quinn,1-540-503-0942,dschulist@mosciski.com
Witting,Greyson,928.657.8073,jonatan66@rosenbaum.com
Lindgren,Rodrick,1-337-662-8029,xfahey@white.com
Schaefer,Gabe,+15109989009,larson.arvel@gmail.com
McClure,Irving,1-262-208-5342,ofelia75@legros.net
Swift,Princess,+1-657-979-2207,iauer@gmail.com
Hirthe,Luisa,1-917-672-8635,jacinthe65@russel.com
O'Keefe,Oma,"(254) 492-7637",terrence47@herman.com
Ebert,Elmira,+1-276-343-6278,tobin98@miller.net
Pouros,Colleen,316-862-9042,rbergnaum@yahoo.com
Schamberger,Olen,571-540-8221,dare.shemar@yahoo.com
Welch,Yadira,"(947) 925-2110",lue11@gmail.com
Volkman,Nannie,458-602-3088,claudia88@hotmail.com
Schamberger,Ova,910.627.0602,amani61@gmail.com
Hodkiewicz,Miguel,1-503-779-9045,rogahn.akeem@hotmail.com
Dach,Nellie,279.456.9972,frieda.kassulke@yahoo.com
Borer,Wilbert,+1.229.354.6425,geovany.crist@marks.com
Kautzer,Zion,"+1 (463) 870-6418",bbernhard@gmail.com
Borer,Eduardo,+1.947.660.2709,sigurd46@hotmail.com
Stark,Amir,+13364193938,kuhlman.gussie@hotmail.com
Schulist,Kirk,440-956-0954,danika.lubowitz@gmail.com
Koss,Velma,+1.831.828.9518,clarabelle.hoeger@hotmail.com
Mosciski,Lorena,586.634.9353,powlowski.joy@bailey.com
Hand,Craig,"(559) 592-4181",edwina.wyman@king.biz
Hackett,Austin,567.390.7605,wsauer@spencer.com
Ryan,Eldred,+1.562.789.5324,dflatley@gerlach.com
McLaughlin,Brandon,+1.551.833.4195,ktowne@will.com
Lind,Aidan,+1-480-383-1776,xeffertz@gmail.com
Turner,Zackery,"+1 (623) 226-3264",lucio.schoen@roob.com
Hand,Cora,+1-706-919-4184,deonte.gleichner@hotmail.com
Beier,Orlo,616-746-4949,davis.freddie@tromp.com
Wolf,Claudia,878.764.7029,kub.naomie@schimmel.com
Von,Lourdes,"(757) 586-6225",emard.haleigh@hills.org
Hauck,Madalyn,443-228-2469,sunny.mckenzie@ruecker.com
Lesch,Elvie,480.730.9920,luettgen.sibyl@schroeder.biz
Douglas,Noemi,580-540-8923,ndubuque@yahoo.com
Yundt,Santos,901-757-7139,jamie.pacocha@yahoo.com
Dickinson,Tommie,754.853.8960,vgaylord@stokes.com
Collins,Dedric,1-409-799-3936,esmitham@kutch.com
Schaefer,Marilou,334.626.7428,linnie92@gmail.com
Koch,Eldridge,682.971.4932,uriel02@yahoo.com
Kuvalis,Russel,1-320-895-6301,jacobs.easter@moore.info
Haag,Anthony,+1.718.644.5522,renner.al@yahoo.com
Schumm,Romaine,+17577628165,helmer.cruickshank@durgan.net
Buckridge,Kaylee,+1.223.608.7628,lemke.grady@mosciski.com
Brown,Manley,+16129348137,wolff.lesly@yahoo.com
Denesik,Dayna,"+1 (470) 356-3851",esteban96@hotmail.com
Wintheiser,Soledad,+1.678.974.2469,ccormier@gmail.com
Sawayn,Rosa,971-558-1363,vbecker@beier.com
Weimann,Neoma,678.370.8588,jlemke@collier.com
Kiehn,Cathryn,1-646-278-8965,jordy.koch@upton.com
Bailey,Brad,+1-346-374-5955,keith.glover@terry.com
Mueller,Ova,"(864) 716-1854",finn89@champlin.biz
Sporer,Kathryne,681-768-5588,sage.connelly@gmail.com
Mills,Mariela,"(941) 588-2865",evangeline31@goldner.net
Schowalter,Armani,+15514030819,green00@turcotte.info
Boyer,Emelia,1-878-842-7633,uzieme@bode.com
Adams,Corbin,804-528-6873,cvandervort@pouros.info
Greenfelder,Linwood,1-601-560-6095,collier.lurline@schmeler.com
Rosenbaum,Hazel,947-851-6866,fabiola.abshire@cronin.com
Hane,Nasir,551-693-6380,vhammes@yahoo.com
Skiles,Novella,412.502.0739,uruecker@hotmail.com
Wehner,Santa,475-463-7321,xander32@yahoo.com
Jast,Donna,"(740) 292-9050",moshe.stokes@gmail.com
Gislason,Candido,+1.717.786.5662,lebsack.marilyne@marquardt.net
Eichmann,Clementina,"+1 (678) 644-0304",darby46@dooley.com
McClure,Alexie,+15708555212,patsy96@rolfson.net
VonRueden,Ellen,1-984-433-2349,condricka@gmail.com
Considine,Dorcas,623.237.4709,kovacek.gavin@gmail.com
Botsford,Estelle,"(463) 735-6247",plakin@gmail.com
Labadie,Ellis,667-613-7484,dschultz@purdy.com
Rau,Raymond,386.566.1467,conner98@hahn.com
Kessler,Lewis,"(480) 281-3267",pauline.schiller@mccullough.com
Lynch,Linwood,+1-234-296-9851,eondricka@yahoo.com
Cummerata,Faustino,747-652-5135,crooks.pansy@smitham.com
Wunsch,Laura,+1-862-301-1944,kaden.schroeder@gmail.com
Stark,Ezequiel,469-722-4890,egrant@gmail.com
Jakubowski,Megane,920-492-2255,bolson@lang.com
Murazik,Ryder,562.663.0435,lueilwitz.matilda@heidenreich.biz
Grimes,Christy,+1-518-885-0037,wilfredo.jacobson@yahoo.com
Stoltenberg,Terrill,"(531) 754-0825",tremayne64@roob.com
Buckridge,Ezra,669-386-7220,krystel26@yahoo.com
Nolan,Deja,901-959-0095,chodkiewicz@haag.com
Doyle,Sydnie,628-237-4159,madyson.huels@barton.com
Kunde,Devan,1-984-382-2340,kirlin.shanny@hotmail.com
Abshire,Theresa,608.630.2423,xhayes@yahoo.com
Luettgen,Carlo,"(828) 575-9904",ashlee.reichert@yahoo.com
Kuhn,Erica,"(430) 916-7285",nathanial.fay@hamill.com
Rosenbaum,Shayne,"(650) 586-7903",vinnie.stracke@towne.com
Turner,Marge,+15633729322,sierra.blanda@yahoo.com
Donnelly,Susana,"(319) 799-0814",doris69@feest.com
Hirthe,Cierra,+1.201.455.5681,damien.turcotte@yahoo.com
Bode,Loyal,1-563-549-2841,josie61@yahoo.com
Keebler,Paolo,717-888-7311,reichel.olaf@schaden.com
Gusikowski,Lynn,+1.458.261.8333,golden.prosacco@mraz.com
Dach,Consuelo,+14792640408,carlotta05@hotmail.com
Yundt,Kattie,+1-541-583-7290,tiffany37@cartwright.com
Stamm,Harvey,+1-414-530-3285,satterfield.mayra@boyer.com
Bogan,Hipolito,+15128337885,brayan07@hotmail.com
Hagenes,Vallie,"(610) 524-9960",haley.jalon@oberbrunner.net
Schultz,Maxie,+1-414-270-1124,daphney.williamson@mohr.net
Effertz,Kallie,"+1 (220) 464-0037",gerda99@hotmail.com
Funk,Kenyatta,984.330.2630,wisozk.jacques@hotmail.com
Langworth,Ernestina,+1.828.362.1495,hayley27@hotmail.com
D'Amore,Barbara,+12707857531,nkeeling@hotmail.com
Daniel,Therese,1-952-435-7533,gustave.boyle@lueilwitz.net
Parker,Helmer,+1.689.750.6867,ethyl.kovacek@hotmail.com
Labadie,Lisa,+1-815-796-5801,cesar.fisher@collier.com
Frami,Easton,929-356-2795,rubye.klein@yahoo.com
Mraz,Jakayla,+1-878-522-9577,moore.maya@pacocha.com
Tremblay,Neva,+13642383788,swaniawski.johnpaul@gmail.com
Gaylord,Lora,317-952-9574,awalker@schuppe.net
Bayer,Franz,+1.480.954.8973,rdickens@damore.info
White,Christ,870.410.3380,keegan.smith@hotmail.com
Larkin,Kavon,"(240) 966-1303",wsauer@hotmail.com
McDermott,Mark,"+1 (618) 807-8655",walker.rudolph@yahoo.com
Lowe,Kianna,1-534-919-8832,bednar.lyric@gmail.com
Wolff,Gavin,"(361) 270-7510",beatty.nathanial@yahoo.com
Deckow,Abbigail,252-646-5467,joany05@yahoo.com
Rau,Ashly,"+1 (925) 764-7480",jackeline.waelchi@gmail.com
Schaden,Brycen,1-224-817-6462,conroy.lonzo@funk.info
Dach,Melba,435-304-8370,bud.koepp@hotmail.com
Bartoletti,Clay,+1.270.708.6509,donnelly.elbert@hotmail.com
Reynolds,Manley,"(539) 765-5883",arne26@morar.com
Abshire,Cory,+18653155860,hschinner@gusikowski.com
Volkman,Lilliana,+1-832-560-6144,johathan.balistreri@gulgowski.com
